fila,N,D_s-1,D_h-1,U,W_s,perdas_abs,perdas_pct
1,4.526713,0.01089389,39.2180,0.980450,414.964207,550,0.00
2,4.225322,0.00660066,23.7624,0.990098,639.934625,38,0.00
3,7.897293,0.00324960,11.6986,0.974881,2430.026245,8,0.00
