fila,N,D_s-1,D_h-1,U,W_s,perdas_abs,perdas_pct
1,4.639746,0.01105010,39.7804,0.994509,419.737954,659,0.00
2,4.430162,0.00664826,23.9337,0.997239,666.343799,49,0.00
3,7.785405,0.00329908,11.8767,0.989725,2356.502134,12,0.00
