fila,N,D_s-1,D_h-1,U,W_s,perdas_abs,perdas_pct
1,7.264410,0.02867132,103.2168,0.989161,253.335496,1185,0.00
2,7.451407,0.01247780,44.9201,0.998224,597.152568,151,0.00
3,12.781808,0.00622412,22.4068,0.995859,2053.649315,34,0.00
