fila,N,D_s-1,D_h-1,U,W_s,perdas_abs,perdas_pct
1,7.433964,0.02885133,103.8648,0.995371,257.637822,1129,0.00
2,7.470739,0.01250000,45.0000,1.000000,597.659123,149,0.00
3,13.255820,0.00620099,22.3236,0.992158,2137.781322,48,0.00
